estimator,is_onnx,function,n_samples_train,n_samples,n_features,hyperparams_digest,dataset_digest,mean_duration,std_duration,n_iter,best_iteration,iteration_throughput,latency,learning_rate,max_bins,max_iter,max_leaf_nodes,min_samples_leaf,n_iter_no_change,accuracy_score
HistGradientBoostingClassifier,False,fit,100000,100000,100,ef86fb7dbf8d8801dae7090c3e125d3c,62fc4b137de48fa1b9bde10f081865aa,11.502799330000016,0.0,100,,0.006954828794705218,0.00011502799330000016,0.05,128,100,10,10,10,
HistGradientBoostingClassifier,True,predict,100000,1000,100,ef86fb7dbf8d8801dae7090c3e125d3c,62fc4b137de48fa1b9bde10f081865aa,0.020312842999828717,0.0,100,,0.03938395034150295,2.0312842999828717e-05,0.05,128,100,10,10,10,0.793
HistGradientBoostingClassifier,False,predict,100000,1000,100,ef86fb7dbf8d8801dae7090c3e125d3c,62fc4b137de48fa1b9bde10f081865aa,0.022381268000117416,0.0,100,,0.035744176781932244,2.2381268000117417e-05,0.05,128,100,10,10,10,0.793
HistGradientBoostingClassifier,False,fit,100000,100000,100,f9236a6a287e3b30f681a8761216ad24,62fc4b137de48fa1b9bde10f081865aa,6.224447444999896,0.0,30,,0.012852546464066313,6.224447444999896e-05,0.05,32,30,30,200,10,
HistGradientBoostingClassifier,True,predict,100000,1000,100,f9236a6a287e3b30f681a8761216ad24,62fc4b137de48fa1b9bde10f081865aa,0.014520672999879025,0.0,30,,0.055093865140180824,1.4520672999879026e-05,0.05,32,30,30,200,10,0.823
HistGradientBoostingClassifier,False,predict,100000,1000,100,f9236a6a287e3b30f681a8761216ad24,62fc4b137de48fa1b9bde10f081865aa,0.009573813999850245,0.0,30,,0.08356126409104185,9.573813999850244e-06,0.05,32,30,30,200,10,0.823
HistGradientBoostingClassifier,False,fit,100000,100000,100,fbe440521dcd992691b27330af006f2d,62fc4b137de48fa1b9bde10f081865aa,2.7846113209998293,0.0,10,,0.02872932369292946,2.7846113209998292e-05,0.01,128,10,10,100,10,
HistGradientBoostingClassifier,True,predict,100000,1000,100,fbe440521dcd992691b27330af006f2d,62fc4b137de48fa1b9bde10f081865aa,0.0035053430001426022,0.0,10,,0.22822302980548692,3.505343000142602e-06,0.01,128,10,10,100,10,0.694
HistGradientBoostingClassifier,False,predict,100000,1000,100,fbe440521dcd992691b27330af006f2d,62fc4b137de48fa1b9bde10f081865aa,0.0027678340002239565,0.0,10,,0.28903467474395816,2.7678340002239564e-06,0.01,128,10,10,100,10,0.694
HistGradientBoostingClassifier,False,fit,100000,100000,100,d93ea763e93432b8176d7991ec40a58d,62fc4b137de48fa1b9bde10f081865aa,27.734461224999905,0.0,100,,0.002884498074470898,0.000277344612249999,0.01,64,100,100,2,10,
HistGradientBoostingClassifier,True,predict,100000,1000,100,d93ea763e93432b8176d7991ec40a58d,62fc4b137de48fa1b9bde10f081865aa,0.12310479500001748,0.0,100,,0.00649852834733112,0.00012310479500001747,0.01,64,100,100,2,10,0.843
HistGradientBoostingClassifier,False,predict,100000,1000,100,d93ea763e93432b8176d7991ec40a58d,62fc4b137de48fa1b9bde10f081865aa,0.0432820900000479,0.0,100,,0.018483395787937104,4.3282090000047904e-05,0.01,64,100,100,2,10,0.843
HistGradientBoostingClassifier,False,fit,100000,100000,100,926cd85a99cd9199f99e129e41946d49,62fc4b137de48fa1b9bde10f081865aa,31.0325377690001,0.0,100,,0.0025779393421029155,0.000310325377690001,0.1,255,100,100,20,10,
HistGradientBoostingClassifier,True,predict,100000,1000,100,926cd85a99cd9199f99e129e41946d49,62fc4b137de48fa1b9bde10f081865aa,0.12020956300011676,0.0,100,,0.00665504457410949,0.00012020956300011676,0.1,255,100,100,20,10,0.858
HistGradientBoostingClassifier,False,predict,100000,1000,100,926cd85a99cd9199f99e129e41946d49,62fc4b137de48fa1b9bde10f081865aa,0.032237355999768624,0.0,100,,0.02481593093446441,3.223735599976862e-05,0.1,255,100,100,20,10,0.858
HistGradientBoostingClassifier,False,fit,100000,100000,100,b68621e3c17534766539b53c4c9ac642,62fc4b137de48fa1b9bde10f081865aa,3.004610405999756,0.0,19,,0.026625748163639457,3.004610405999756e-05,1.0,255,30,3,200,10,
HistGradientBoostingClassifier,True,predict,100000,1000,100,b68621e3c17534766539b53c4c9ac642,62fc4b137de48fa1b9bde10f081865aa,0.0029675319997295446,0.0,19,,0.26958428757395386,2.9675319997295445e-06,1.0,255,30,3,200,10,0.717
HistGradientBoostingClassifier,False,predict,100000,1000,100,b68621e3c17534766539b53c4c9ac642,62fc4b137de48fa1b9bde10f081865aa,0.0034608380001373007,0.0,19,,0.2311578871846246,3.460838000137301e-06,1.0,255,30,3,200,10,0.717
HistGradientBoostingClassifier,False,fit,100000,100000,100,003db5a315a6ecbd549caccb38a12d39,62fc4b137de48fa1b9bde10f081865aa,5.095718471000055,0.0,24,,0.015699454444997957,5.095718471000055e-05,0.5,255,100,30,100,10,
HistGradientBoostingClassifier,True,predict,100000,1000,100,003db5a315a6ecbd549caccb38a12d39,62fc4b137de48fa1b9bde10f081865aa,0.010997827000210236,0.0,24,,0.07274164250671583,1.0997827000210236e-05,0.5,255,100,30,100,10,0.84
HistGradientBoostingClassifier,False,predict,100000,1000,100,003db5a315a6ecbd549caccb38a12d39,62fc4b137de48fa1b9bde10f081865aa,0.00718325299976641,0.0,24,,0.1113701550016427,7.1832529997664096e-06,0.5,255,100,30,100,10,0.84
HistGradientBoostingClassifier,False,fit,100000,100000,100,be09f86cde7f6875a020e24284842fd3,62fc4b137de48fa1b9bde10f081865aa,80.73497518500017,0.0,300,,0.0009908964462636421,0.0008073497518500017,0.01,128,300,100,20,10,
HistGradientBoostingClassifier,True,predict,100000,1000,100,be09f86cde7f6875a020e24284842fd3,62fc4b137de48fa1b9bde10f081865aa,0.42730891599967435,0.0,300,,0.0018721818573067398,0.0004273089159996744,0.01,128,300,100,20,10,0.861
HistGradientBoostingClassifier,False,predict,100000,1000,100,be09f86cde7f6875a020e24284842fd3,62fc4b137de48fa1b9bde10f081865aa,0.17651732200010883,0.0,300,,0.004532133112689681,0.00017651732200010885,0.01,128,300,100,20,10,0.861
HistGradientBoostingClassifier,False,fit,100000,100000,100,079a1a70871515d58da637bf7b8c7b27,62fc4b137de48fa1b9bde10f081865aa,32.875455137000245,0.0,147,,0.002433426386543395,0.00032875455137000245,0.05,64,300,100,100,10,
HistGradientBoostingClassifier,True,predict,100000,1000,100,079a1a70871515d58da637bf7b8c7b27,62fc4b137de48fa1b9bde10f081865aa,0.1930125520002548,0.0,147,,0.004144808157341725,0.0001930125520002548,0.05,64,300,100,100,10,0.865
HistGradientBoostingClassifier,False,predict,100000,1000,100,079a1a70871515d58da637bf7b8c7b27,62fc4b137de48fa1b9bde10f081865aa,0.049360620000243216,0.0,147,,0.016207251853725867,4.936062000024322e-05,0.05,64,300,100,100,10,0.865
HistGradientBoostingClassifier,False,fit,100000,100000,100,fbca4822e153d8dd7511197446595d5d,62fc4b137de48fa1b9bde10f081865aa,3.1028441329999623,0.0,10,,0.02578279686986809,3.1028441329999626e-05,0.1,32,10,30,2,10,
HistGradientBoostingClassifier,True,predict,100000,1000,100,fbca4822e153d8dd7511197446595d5d,62fc4b137de48fa1b9bde10f081865aa,0.005896638000194798,0.0,10,,0.1356705295413372,5.896638000194798e-06,0.1,32,10,30,2,10,0.805
HistGradientBoostingClassifier,False,predict,100000,1000,100,fbca4822e153d8dd7511197446595d5d,62fc4b137de48fa1b9bde10f081865aa,0.0035078229998362076,0.0,10,,0.22806167815119371,3.5078229998362077e-06,0.1,32,10,30,2,10,0.805
HistGradientBoostingClassifier,False,fit,100000,100000,100,2c02d101d31b9859ead81295520c7da0,62fc4b137de48fa1b9bde10f081865aa,6.463448402999802,0.0,30,,0.012377293823970277,6.463448402999803e-05,0.05,128,30,30,200,10,
HistGradientBoostingClassifier,True,predict,100000,1000,100,2c02d101d31b9859ead81295520c7da0,62fc4b137de48fa1b9bde10f081865aa,0.014505960999940726,0.0,30,,0.055149741544408465,1.4505960999940726e-05,0.05,128,30,30,200,10,0.825
HistGradientBoostingClassifier,False,predict,100000,1000,100,2c02d101d31b9859ead81295520c7da0,62fc4b137de48fa1b9bde10f081865aa,0.009556540000176028,0.0,30,,0.08371230591670879,9.556540000176029e-06,0.05,128,30,30,200,10,0.825
HistGradientBoostingClassifier,False,fit,100000,100000,100,4a67a05b1e07b39caf469184cca5c5ab,62fc4b137de48fa1b9bde10f081865aa,8.355147649000173,0.0,106,,0.009574935520089017,8.355147649000174e-05,0.5,64,300,3,100,10,
HistGradientBoostingClassifier,True,predict,100000,1000,100,4a67a05b1e07b39caf469184cca5c5ab,62fc4b137de48fa1b9bde10f081865aa,0.008968955999989703,0.0,106,,0.08919655754816039,8.968955999989703e-06,0.5,64,300,3,100,10,0.799
HistGradientBoostingClassifier,False,predict,100000,1000,100,4a67a05b1e07b39caf469184cca5c5ab,62fc4b137de48fa1b9bde10f081865aa,0.023904351000055613,0.0,106,,0.03346671072551348,2.3904351000055613e-05,0.5,64,300,3,100,10,0.799
HistGradientBoostingClassifier,False,fit,100000,100000,100,1ae234d99f0f931d38575c300c9eb33f,62fc4b137de48fa1b9bde10f081865aa,2.5102229250001074,0.0,10,,0.03186967946282961,2.5102229250001074e-05,0.5,32,10,10,100,10,
HistGradientBoostingClassifier,True,predict,100000,1000,100,1ae234d99f0f931d38575c300c9eb33f,62fc4b137de48fa1b9bde10f081865aa,0.003328720999888901,0.0,10,,0.2403325481548921,3.328720999888901e-06,0.5,32,10,10,100,10,0.797
HistGradientBoostingClassifier,False,predict,100000,1000,100,1ae234d99f0f931d38575c300c9eb33f,62fc4b137de48fa1b9bde10f081865aa,0.002937818999726005,0.0,10,,0.2723108537573662,2.937818999726005e-06,0.5,32,10,10,100,10,0.797
HistGradientBoostingClassifier,False,fit,100000,100000,100,c0a27af58e4e6c66e8ea48484a9f9cab,62fc4b137de48fa1b9bde10f081865aa,2.8392318400001386,0.0,11,,0.02817663526906492,2.8392318400001387e-05,1.0,255,100,10,200,10,
HistGradientBoostingClassifier,True,predict,100000,1000,100,c0a27af58e4e6c66e8ea48484a9f9cab,62fc4b137de48fa1b9bde10f081865aa,0.0035052220000579837,0.0,11,,0.2282309080528327,3.5052220000579837e-06,1.0,255,100,10,200,10,0.659
HistGradientBoostingClassifier,False,predict,100000,1000,100,c0a27af58e4e6c66e8ea48484a9f9cab,62fc4b137de48fa1b9bde10f081865aa,0.00277231700010816,0.0,11,,0.2885672886501755,2.7723170001081597e-06,1.0,255,100,10,200,10,0.659
HistGradientBoostingClassifier,False,fit,100000,100000,100,c4ab6387004aac584851b3d58300a1c5,62fc4b137de48fa1b9bde10f081865aa,3.8887858549996963,0.0,30,,0.020571973614115672,3.888785854999696e-05,0.05,255,30,3,200,10,
HistGradientBoostingClassifier,True,predict,100000,1000,100,c4ab6387004aac584851b3d58300a1c5,62fc4b137de48fa1b9bde10f081865aa,0.004329726999912964,0.0,30,,0.18476915519525403,4.329726999912964e-06,0.05,255,30,3,200,10,0.615
HistGradientBoostingClassifier,False,predict,100000,1000,100,c4ab6387004aac584851b3d58300a1c5,62fc4b137de48fa1b9bde10f081865aa,0.0055898350001371,0.0,30,,0.14311692563025183,5.5898350001371e-06,0.05,255,30,3,200,10,0.615
HistGradientBoostingClassifier,False,fit,100000,100000,100,2a9983a5bfc6f8d6af5994034b6e8892,62fc4b137de48fa1b9bde10f081865aa,32.97176183300007,0.0,300,,0.002426318630020289,0.00032971761833000074,0.01,32,300,10,2,10,
HistGradientBoostingClassifier,True,predict,100000,1000,100,2a9983a5bfc6f8d6af5994034b6e8892,62fc4b137de48fa1b9bde10f081865aa,0.059868526000173006,0.0,300,,0.01336261393837704,5.986852600017301e-05,0.01,32,300,10,2,10,0.77
HistGradientBoostingClassifier,False,predict,100000,1000,100,2a9983a5bfc6f8d6af5994034b6e8892,62fc4b137de48fa1b9bde10f081865aa,0.07824945699985619,0.0,300,,0.010223713117925793,7.824945699985619e-05,0.01,32,300,10,2,10,0.77
HistGradientBoostingClassifier,False,fit,100000,100000,100,070f6005e9a389f9b67cb3dc3ebe952e,62fc4b137de48fa1b9bde10f081865aa,6.123025030999997,0.0,30,,0.013065437360613663,6.123025030999998e-05,0.01,32,30,30,2,10,
HistGradientBoostingClassifier,True,predict,100000,1000,100,070f6005e9a389f9b67cb3dc3ebe952e,62fc4b137de48fa1b9bde10f081865aa,0.014107599999988452,0.0,30,,0.05670702316486538,1.4107599999988452e-05,0.01,32,30,30,2,10,0.781
HistGradientBoostingClassifier,False,predict,100000,1000,100,070f6005e9a389f9b67cb3dc3ebe952e,62fc4b137de48fa1b9bde10f081865aa,0.008319957999901817,0.0,30,,0.096154331549443,8.319957999901817e-06,0.01,32,30,30,2,10,0.781
HistGradientBoostingClassifier,False,fit,100000,100000,100,2ad89599f9dd7b696e0c2e0567dcc670,62fc4b137de48fa1b9bde10f081865aa,3.790534274000038,0.0,30,,0.02110520423169222,3.790534274000038e-05,0.1,255,30,3,200,10,
HistGradientBoostingClassifier,True,predict,100000,1000,100,2ad89599f9dd7b696e0c2e0567dcc670,62fc4b137de48fa1b9bde10f081865aa,0.004145527000218863,0.0,30,,0.1929790832282033,4.145527000218862e-06,0.1,255,30,3,200,10,0.626
HistGradientBoostingClassifier,False,predict,100000,1000,100,2ad89599f9dd7b696e0c2e0567dcc670,62fc4b137de48fa1b9bde10f081865aa,0.00530563499978598,0.0,30,,0.15078308252118186,5.30563499978598e-06,0.1,255,30,3,200,10,0.626
HistGradientBoostingClassifier,False,fit,100000,100000,100,f59292e86186a983b2d7d39b919c0874,62fc4b137de48fa1b9bde10f081865aa,11.407474034000188,0.0,100,,0.007012946052873626,0.00011407474034000187,0.05,32,100,10,20,10,
HistGradientBoostingClassifier,True,predict,100000,1000,100,f59292e86186a983b2d7d39b919c0874,62fc4b137de48fa1b9bde10f081865aa,0.020350195999981224,0.0,100,,0.03931166068379578,2.0350195999981226e-05,0.05,32,100,10,20,10,0.806
HistGradientBoostingClassifier,False,predict,100000,1000,100,f59292e86186a983b2d7d39b919c0874,62fc4b137de48fa1b9bde10f081865aa,0.02176810299988574,0.0,100,,0.036751020518609234,2.1768102999885743e-05,0.05,32,100,10,20,10,0.806
HistGradientBoostingClassifier,False,fit,100000,100000,100,d26ec2f68d34e83cd3ebef4f8b14467b,62fc4b137de48fa1b9bde10f081865aa,3.1657441779998408,0.0,10,,0.02527051950563645,3.1657441779998406e-05,0.5,128,10,30,200,10,
HistGradientBoostingClassifier,True,predict,100000,1000,100,d26ec2f68d34e83cd3ebef4f8b14467b,62fc4b137de48fa1b9bde10f081865aa,0.005841341000177636,0.0,10,,0.13695485334201032,5.8413410001776355e-06,0.5,128,10,30,200,10,0.825
HistGradientBoostingClassifier,False,predict,100000,1000,100,d26ec2f68d34e83cd3ebef4f8b14467b,62fc4b137de48fa1b9bde10f081865aa,0.00466653299963582,0.0,10,,0.1714334817866782,4.6665329996358194e-06,0.5,128,10,30,200,10,0.825
HistGradientBoostingClassifier,False,fit,100000,100000,100,88efeb2a9429e0af21a89752448d8b28,62fc4b137de48fa1b9bde10f081865aa,2.692949704000057,0.0,11,,0.029707201690833476,2.692949704000057e-05,1.0,128,100,10,20,10,
HistGradientBoostingClassifier,True,predict,100000,1000,100,88efeb2a9429e0af21a89752448d8b28,62fc4b137de48fa1b9bde10f081865aa,0.0034107209999092447,0.0,11,,0.23455451208741115,3.410720999909245e-06,1.0,128,100,10,20,10,0.699
HistGradientBoostingClassifier,False,predict,100000,1000,100,88efeb2a9429e0af21a89752448d8b28,62fc4b137de48fa1b9bde10f081865aa,0.0026103160003003723,0.0,11,,0.30647630398309744,2.610316000300372e-06,1.0,128,100,10,20,10,0.699
HistGradientBoostingClassifier,False,fit,100000,100000,100,eae42d67f44090a39a748ef28cffb712,62fc4b137de48fa1b9bde10f081865aa,2.8057686029997058,0.0,10,,0.02851268629724858,2.8057686029997058e-05,0.05,128,10,10,2,10,
HistGradientBoostingClassifier,True,predict,100000,1000,100,eae42d67f44090a39a748ef28cffb712,62fc4b137de48fa1b9bde10f081865aa,0.0036281220000091707,0.0,10,,0.22049975166159735,3.6281220000091706e-06,0.05,128,10,10,2,10,0.705
HistGradientBoostingClassifier,False,predict,100000,1000,100,eae42d67f44090a39a748ef28cffb712,62fc4b137de48fa1b9bde10f081865aa,0.002775816999928793,0.0,10,,0.2882034370495325,2.775816999928793e-06,0.05,128,10,10,2,10,0.705
HistGradientBoostingClassifier,False,fit,100000,100000,100,ce84ed9c752b5523329e1e53047cde9d,62fc4b137de48fa1b9bde10f081865aa,2.876159760000064,0.0,11,,0.02781486658446199,2.876159760000064e-05,1.0,255,30,10,100,10,
HistGradientBoostingClassifier,True,predict,100000,1000,100,ce84ed9c752b5523329e1e53047cde9d,62fc4b137de48fa1b9bde10f081865aa,0.0034781130002556893,0.0,11,,0.23000977827379068,3.478113000255689e-06,1.0,255,30,10,100,10,0.558
HistGradientBoostingClassifier,False,predict,100000,1000,100,ce84ed9c752b5523329e1e53047cde9d,62fc4b137de48fa1b9bde10f081865aa,0.002656010000009701,0.0,11,,0.3012036852259886,2.656010000009701e-06,1.0,255,30,10,100,10,0.558
HistGradientBoostingClassifier,False,fit,100000,100000,100,e5a3618045451fe88eb6b15bf5f6eedf,62fc4b137de48fa1b9bde10f081865aa,15.91334030500002,0.0,100,,0.005027228631242415,0.0001591334030500002,0.05,32,100,30,200,10,
HistGradientBoostingClassifier,True,predict,100000,1000,100,e5a3618045451fe88eb6b15bf5f6eedf,62fc4b137de48fa1b9bde10f081865aa,0.04446470099992439,0.0,100,,0.017991799832441476,4.446470099992439e-05,0.05,32,100,30,200,10,0.85
HistGradientBoostingClassifier,False,predict,100000,1000,100,e5a3618045451fe88eb6b15bf5f6eedf,62fc4b137de48fa1b9bde10f081865aa,0.038197858999865275,0.0,100,,0.020943582204511035,3.819785899986528e-05,0.05,32,100,30,200,10,0.85
HistGradientBoostingClassifier,False,fit,100000,100000,100,17d19c85f38bc358da3cf42b44c8c12e,62fc4b137de48fa1b9bde10f081865aa,4.969275758000094,0.0,30,,0.016098925456331757,4.969275758000094e-05,0.01,32,30,10,200,10,
HistGradientBoostingClassifier,True,predict,100000,1000,100,17d19c85f38bc358da3cf42b44c8c12e,62fc4b137de48fa1b9bde10f081865aa,0.007521851000092283,0.0,30,,0.10635679967473233,7.5218510000922835e-06,0.01,32,30,10,200,10,0.704
HistGradientBoostingClassifier,False,predict,100000,1000,100,17d19c85f38bc358da3cf42b44c8c12e,62fc4b137de48fa1b9bde10f081865aa,0.007253149000007397,0.0,30,,0.11029692068909437,7.253149000007397e-06,0.01,32,30,10,200,10,0.704
HistGradientBoostingClassifier,False,fit,100000,100000,100,87f9708f0420a8cb743f8837ab3b25b3,62fc4b137de48fa1b9bde10f081865aa,3.6455214870002237,0.0,30,,0.021944734185568963,3.645521487000224e-05,0.5,128,30,3,20,10,
HistGradientBoostingClassifier,True,predict,100000,1000,100,87f9708f0420a8cb743f8837ab3b25b3,62fc4b137de48fa1b9bde10f081865aa,0.003847623999718053,0.0,30,,0.20792052447396694,3.847623999718052e-06,0.5,128,30,3,20,10,0.723
HistGradientBoostingClassifier,False,predict,100000,1000,100,87f9708f0420a8cb743f8837ab3b25b3,62fc4b137de48fa1b9bde10f081865aa,0.005025632000069891,0.0,30,,0.1591839593485704,5.025632000069891e-06,0.5,128,30,3,20,10,0.723
HistGradientBoostingClassifier,False,fit,100000,100000,100,bad4f04516af88dc9983eae0c2e64f20,62fc4b137de48fa1b9bde10f081865aa,29.985321384000144,0.0,104,,0.0026679720712510743,0.00029985321384000147,0.1,255,300,100,100,10,
HistGradientBoostingClassifier,True,predict,100000,1000,100,bad4f04516af88dc9983eae0c2e64f20,62fc4b137de48fa1b9bde10f081865aa,0.12930112899994128,0.0,104,,0.006187107616054639,0.00012930112899994128,0.1,255,300,100,100,10,0.86
HistGradientBoostingClassifier,False,predict,100000,1000,100,bad4f04516af88dc9983eae0c2e64f20,62fc4b137de48fa1b9bde10f081865aa,0.03956735400015532,0.0,104,,0.0202186883660924,3.9567354000155316e-05,0.1,255,300,100,100,10,0.86
HistGradientBoostingClassifier,False,fit,100000,100000,100,2554ab08fb5e1a2da86886d31cdd968c,62fc4b137de48fa1b9bde10f081865aa,2.732036922000134,0.0,11,,0.029282181128588745,2.732036922000134e-05,1.0,128,30,10,10,10,
HistGradientBoostingClassifier,True,predict,100000,1000,100,2554ab08fb5e1a2da86886d31cdd968c,62fc4b137de48fa1b9bde10f081865aa,0.0033787219999794615,0.0,11,,0.23677591704936454,3.3787219999794617e-06,1.0,128,30,10,10,10,0.691
HistGradientBoostingClassifier,False,predict,100000,1000,100,2554ab08fb5e1a2da86886d31cdd968c,62fc4b137de48fa1b9bde10f081865aa,0.010057164000045304,0.0,11,,0.0795452873192081,1.0057164000045305e-05,1.0,128,30,10,10,10,0.691
HistGradientBoostingClassifier,False,fit,100000,100000,100,11242e0ad4708b7c9119c4f74e6d4997,62fc4b137de48fa1b9bde10f081865aa,3.0618150370000876,0.0,10,,0.02612829286983403,3.061815037000088e-05,0.05,32,10,30,20,10,
HistGradientBoostingClassifier,True,predict,100000,1000,100,11242e0ad4708b7c9119c4f74e6d4997,62fc4b137de48fa1b9bde10f081865aa,0.005769136999788316,0.0,10,,0.1386689205039426,5.769136999788315e-06,0.05,32,10,30,20,10,0.787
HistGradientBoostingClassifier,False,predict,100000,1000,100,11242e0ad4708b7c9119c4f74e6d4997,62fc4b137de48fa1b9bde10f081865aa,0.0034609219997037144,0.0,10,,0.23115227678303268,3.4609219997037146e-06,0.05,32,10,30,20,10,0.787
HistGradientBoostingClassifier,False,fit,100000,100000,100,85470f467adf36ad8d4b008e286f664c,62fc4b137de48fa1b9bde10f081865aa,33.93747252999992,0.0,300,,0.002357276309521338,0.00033937472529999924,0.1,32,300,30,20,10,
HistGradientBoostingClassifier,True,predict,100000,1000,100,85470f467adf36ad8d4b008e286f664c,62fc4b137de48fa1b9bde10f081865aa,0.11837237000008827,0.0,300,,0.006758333891594833,0.00011837237000008826,0.1,32,300,30,20,10,0.862
HistGradientBoostingClassifier,False,predict,100000,1000,100,85470f467adf36ad8d4b008e286f664c,62fc4b137de48fa1b9bde10f081865aa,0.05876052699977663,0.0,300,,0.01361458177533093,5.876052699977663e-05,0.1,32,300,30,20,10,0.862
HistGradientBoostingClassifier,False,fit,100000,100000,100,26182f765c18ae5cd4aa95fcafd07fb7,62fc4b137de48fa1b9bde10f081865aa,46.58682266000005,0.0,300,,0.0017172237863023196,0.0004658682266000005,0.01,32,300,30,2,10,
HistGradientBoostingClassifier,True,predict,100000,1000,100,26182f765c18ae5cd4aa95fcafd07fb7,62fc4b137de48fa1b9bde10f081865aa,0.14158136900005047,0.0,300,,0.005650460972726678,0.00014158136900005048,0.01,32,300,30,2,10,0.848
HistGradientBoostingClassifier,False,predict,100000,1000,100,26182f765c18ae5cd4aa95fcafd07fb7,62fc4b137de48fa1b9bde10f081865aa,0.08373712700040414,0.0,300,,0.009553707282029618,8.373712700040415e-05,0.01,32,300,30,2,10,0.848
HistGradientBoostingClassifier,False,fit,100000,100000,100,8cd94a199a0378c3f35128dae702a220,62fc4b137de48fa1b9bde10f081865aa,13.093707983999593,0.0,100,,0.006109804808367452,0.00013093707983999594,0.01,255,100,10,200,10,
HistGradientBoostingClassifier,True,predict,100000,1000,100,8cd94a199a0378c3f35128dae702a220,62fc4b137de48fa1b9bde10f081865aa,0.02126013800034343,0.0,100,,0.037629106640186295,2.1260138000343432e-05,0.01,255,100,10,200,10,0.732
HistGradientBoostingClassifier,False,predict,100000,1000,100,8cd94a199a0378c3f35128dae702a220,62fc4b137de48fa1b9bde10f081865aa,0.029369329000019206,0.0,100,,0.02723930124516896,2.9369329000019207e-05,0.01,255,100,10,200,10,0.732
HistGradientBoostingClassifier,False,fit,100000,100000,100,ceb20c6f340c398e23ea617e84db153c,62fc4b137de48fa1b9bde10f081865aa,3.6942687470000237,0.0,24,,0.02165516519743318,3.694268747000024e-05,0.5,32,30,10,20,10,
HistGradientBoostingClassifier,True,predict,100000,1000,100,ceb20c6f340c398e23ea617e84db153c,62fc4b137de48fa1b9bde10f081865aa,0.005630962999930489,0.0,24,,0.14207161368488402,5.630962999930489e-06,0.5,32,30,10,20,10,0.816
HistGradientBoostingClassifier,False,predict,100000,1000,100,ceb20c6f340c398e23ea617e84db153c,62fc4b137de48fa1b9bde10f081865aa,0.00552986200000305,0.0,24,,0.14466907130766712,5.52986200000305e-06,0.5,32,30,10,20,10,0.816
HistGradientBoostingClassifier,False,fit,100000,100000,100,88e2249232c412a2d7f617655e8db318,62fc4b137de48fa1b9bde10f081865aa,2.7133465689998957,0.0,10,,0.029483885661346593,2.7133465689998956e-05,1.0,255,10,10,10,10,
HistGradientBoostingClassifier,True,predict,100000,1000,100,88e2249232c412a2d7f617655e8db318,62fc4b137de48fa1b9bde10f081865aa,0.0031340350001300976,0.0,10,,0.2552619865339063,3.134035000130098e-06,1.0,255,10,10,10,10,0.597
HistGradientBoostingClassifier,False,predict,100000,1000,100,88e2249232c412a2d7f617655e8db318,62fc4b137de48fa1b9bde10f081865aa,0.002480627999830176,0.0,10,,0.3224989801190537,2.480627999830176e-06,1.0,255,10,10,10,10,0.597
HistGradientBoostingClassifier,False,fit,100000,100000,100,187fb83e96448cc14e9369ac6bec8224,62fc4b137de48fa1b9bde10f081865aa,4.124264981000124,0.0,10,,0.019397395746526498,4.124264981000124e-05,0.05,64,10,100,10,10,
HistGradientBoostingClassifier,True,predict,100000,1000,100,187fb83e96448cc14e9369ac6bec8224,62fc4b137de48fa1b9bde10f081865aa,0.01291194599980372,0.0,10,,0.0619581277688244,1.291194599980372e-05,0.05,64,10,100,10,10,0.826
HistGradientBoostingClassifier,False,predict,100000,1000,100,187fb83e96448cc14e9369ac6bec8224,62fc4b137de48fa1b9bde10f081865aa,0.004062645999965753,0.0,10,,0.19691600006664225,4.062645999965753e-06,0.05,64,10,100,10,10,0.826
HistGradientBoostingClassifier,False,fit,100000,100000,100,70c071a7f1e19cbe1a7eafe9202073df,62fc4b137de48fa1b9bde10f081865aa,3.7995614430001297,0.0,25,,0.021055061538057952,3.7995614430001294e-05,0.5,64,100,10,20,10,
HistGradientBoostingClassifier,True,predict,100000,1000,100,70c071a7f1e19cbe1a7eafe9202073df,62fc4b137de48fa1b9bde10f081865aa,0.005731664999984787,0.0,25,,0.1395754985684131,5.731664999984787e-06,0.5,64,100,10,20,10,0.806
HistGradientBoostingClassifier,False,predict,100000,1000,100,70c071a7f1e19cbe1a7eafe9202073df,62fc4b137de48fa1b9bde10f081865aa,0.00828979400012031,0.0,25,,0.09650420746141455,8.28979400012031e-06,0.5,64,100,10,20,10,0.806
HistGradientBoostingClassifier,False,fit,100000,100000,100,4585ea51e1885aeed29be33786ee17ce,62fc4b137de48fa1b9bde10f081865aa,2.286913701999765,0.0,10,,0.034981643570566275,2.286913701999765e-05,0.05,32,10,3,200,10,
HistGradientBoostingClassifier,True,predict,100000,1000,100,4585ea51e1885aeed29be33786ee17ce,62fc4b137de48fa1b9bde10f081865aa,0.002448926999932155,0.0,10,,0.3266736819930374,2.448926999932155e-06,0.05,32,10,3,200,10,0.582
HistGradientBoostingClassifier,False,predict,100000,1000,100,4585ea51e1885aeed29be33786ee17ce,62fc4b137de48fa1b9bde10f081865aa,0.0021867249997740146,0.0,10,,0.3658438990191612,2.1867249997740144e-06,0.05,32,10,3,200,10,0.582
HistGradientBoostingClassifier,False,fit,100000,100000,100,cdbf5beb767308c73aaba9a638052f9a,62fc4b137de48fa1b9bde10f081865aa,31.249541679999766,0.0,100,,0.0025600375461250794,0.00031249541679999766,0.05,255,100,100,20,10,
HistGradientBoostingClassifier,True,predict,100000,1000,100,cdbf5beb767308c73aaba9a638052f9a,62fc4b137de48fa1b9bde10f081865aa,0.12193286799993075,0.0,100,,0.0065609873131209735,0.00012193286799993075,0.05,255,100,100,20,10,0.861
HistGradientBoostingClassifier,False,predict,100000,1000,100,cdbf5beb767308c73aaba9a638052f9a,62fc4b137de48fa1b9bde10f081865aa,0.034031881999908364,0.0,100,,0.02350736876679797,3.4031881999908364e-05,0.05,255,100,100,20,10,0.861
HistGradientBoostingClassifier,False,fit,100000,100000,100,dda0719a2e819ae5a93d939321910160,62fc4b137de48fa1b9bde10f081865aa,20.975209266999627,0.0,300,,0.0038140263099002442,0.00020975209266999628,0.05,32,300,3,2,10,
HistGradientBoostingClassifier,True,predict,100000,1000,100,dda0719a2e819ae5a93d939321910160,62fc4b137de48fa1b9bde10f081865aa,0.023278659999959928,0.0,300,,0.034366239293901674,2.3278659999959927e-05,0.05,32,300,3,2,10,0.731
HistGradientBoostingClassifier,False,predict,100000,1000,100,dda0719a2e819ae5a93d939321910160,62fc4b137de48fa1b9bde10f081865aa,0.043073881000054826,0.0,300,,0.018572740171682738,4.307388100005482e-05,0.05,32,300,3,2,10,0.731
HistGradientBoostingClassifier,False,fit,100000,100000,100,e4f2e565801ab8e1d81304909ebafcc2,62fc4b137de48fa1b9bde10f081865aa,3.240818424000281,0.0,10,,0.024685122562729873,3.240818424000281e-05,0.01,128,10,30,100,10,
HistGradientBoostingClassifier,True,predict,100000,1000,100,e4f2e565801ab8e1d81304909ebafcc2,62fc4b137de48fa1b9bde10f081865aa,0.005585462999988522,0.0,10,,0.1432289498653279,5.585462999988522e-06,0.01,128,10,30,100,10,0.758
HistGradientBoostingClassifier,False,predict,100000,1000,100,e4f2e565801ab8e1d81304909ebafcc2,62fc4b137de48fa1b9bde10f081865aa,0.006358470999657584,0.0,10,,0.12581641090178466,6.3584709996575836e-06,0.01,128,10,30,100,10,0.758
HistGradientBoostingClassifier,False,fit,100000,100000,100,88a97e2a8f111b57b7070f4f807b54a0,62fc4b137de48fa1b9bde10f081865aa,40.56972918299971,0.0,300,,0.001971913582147428,0.0004056972918299971,0.05,255,300,30,200,10,
HistGradientBoostingClassifier,True,predict,100000,1000,100,88a97e2a8f111b57b7070f4f807b54a0,62fc4b137de48fa1b9bde10f081865aa,0.12519800500012934,0.0,300,,0.006389878177365314,0.00012519800500012936,0.05,255,300,30,200,10,0.85
HistGradientBoostingClassifier,False,predict,100000,1000,100,88a97e2a8f111b57b7070f4f807b54a0,62fc4b137de48fa1b9bde10f081865aa,0.07373232700001608,0.0,300,,0.01085005766873227,7.373232700001609e-05,0.05,255,300,30,200,10,0.85
HistGradientBoostingClassifier,False,fit,100000,100000,100,4100e366493f3c5b9a6ef1810d5d93be,62fc4b137de48fa1b9bde10f081865aa,21.35763352799995,0.0,300,,0.003745733341435962,0.0002135763352799995,0.1,32,300,3,10,10,
HistGradientBoostingClassifier,True,predict,100000,1000,100,4100e366493f3c5b9a6ef1810d5d93be,62fc4b137de48fa1b9bde10f081865aa,0.023001358000328764,0.0,300,,0.03478055513020428,2.3001358000328765e-05,0.1,32,300,3,10,10,0.772
HistGradientBoostingClassifier,False,predict,100000,1000,100,4100e366493f3c5b9a6ef1810d5d93be,62fc4b137de48fa1b9bde10f081865aa,0.043685989000096015,0.0,300,,0.0183125074723212,4.368598900009602e-05,0.1,32,300,3,10,10,0.772
